FIPS,Poverty,Education
9001,11.3,90.478049666
9003,13.8,90.628820793
9005,10.1,93.866274798
9007,7.9,95.174478867
9009,15.5,90.433102752
9011,12.2,93.117834876
9013,9.4,94.68322509
9015,16.7,90.094397601
10001,14.5,88.882103395
10003,13.4,92.496642836
10005,16.8,90.105968264
11001,20.0,92.699692115
13001,29.0,78.433607425
13003,30.2,70.427944404
13005,31.6,84.666848717
13007,39.0,85.693430657
13009,29.3,85.471650688
13011,16.3,79.400170055
13013,11.8,87.603632057
13015,13.4,87.874067394
13017,36.4,83.74195792
13019,31.7,81.29976675
13021,31.2,86.543328388
13023,25.9,87.927861612
13025,24.0,79.581942457
13027,35.4,82.525376269
13029,9.6,92.370175936
13031,22.9,88.705093477
13033,29.5,84.670174538
13035,19.1,83.72456964
13037,38.3,76.18708452
13039,16.7,92.542439684
13043,30.9,77.507515715
13045,17.2,84.530097798
13047,14.0,89.461392805
13049,28.2,84.092423906
13051,20.9,91.424294374
13053,15.9,95.95323741
13055,24.3,73.192893107
13057,6.6,92.174425328
13059,24.9,89.86692145
13061,38.6,83.221128949
13063,19.7,85.471485615
13065,27.3,73.974728442
13067,9.7,93.031842232
13069,25.9,78.281255467
13071,31.4,77.694084564
13073,8.4,93.200751973
13075,28.8,81.946554652
13077,10.1,90.773509855
13079,23.3,80.997067449
13081,37.5,82.16821609
13083,14.2,86.444129626
13085,11.1,87.997344093
13087,32.4,82.314478464
13089,19.2,91.117136908
13091,33.3,86.593574353
13093,32.3,82.821082155
13095,41.3,83.893930337
13097,14.4,90.309355199
13099,35.8,79.77823169
13101,30.2,82.386613827
13103,10.1,90.140779087
13105,26.3,81.703900582
13107,28.0,79.133110718
13109,30.7,79.025089606
13111,18.1,87.813475677
13113,7.8,95.307191306
13115,17.8,84.153172265
13117,4.0,93.910119266
13119,20.2,80.879864636
13121,17.4,93.602306974
13123,20.7,85.973140055
13125,18.6,82.184197282
13127,20.9,88.150019949
13129,15.1,77.857910081
13131,32.6,80.932994063
13133,23.9,88.060755917
13135,10.9,88.191873501
13137,15.8,80.711616468
13139,17.3,81.050825902
13141,37.9,75.094740033
13143,19.3,84.099007994
13145,10.4,93.43053802
13147,20.4,82.858041518
13149,21.2,84.072375127
13151,11.7,92.468830158
13153,15.6,92.980259008
13155,27.9,81.742992801
13157,9.9,87.801080333
13159,18.7,89.620524827
13161,28.6,80.580426057
13163,33.8,80.436018957
13165,34.8,81.549871349
13167,32.7,76.249247441
13169,16.0,91.618805591
13171,19.2,89.439374185
13173,27.0,86.816867103
13175,30.7,86.492598064
13177,13.1,91.946403385
13179,19.4,92.197679962
13181,24.7,87.234416155
13183,20.3,83.824074074
13185,19.3,89.641201227
13187,13.9,87.560246771
13189,26.2,85.535532132
13191,30.8,82.538082437
13193,32.8,72.609250029
13195,14.7,83.11220075
13197,30.0,75.904284919
13199,26.8,82.925506677
13201,28.4,82.686640472
13205,32.8,83.451327434
13207,14.8,88.429501742
13209,28.9,83.895785977
13211,15.6,89.372955668
13213,19.1,76.150318094
13215,25.6,88.548913974
13217,18.5,89.666023615
13219,6.2,95.483166515
13221,18.3,87.443052392
13223,9.4,91.008728694
13225,25.9,85.998333796
13227,14.9,90.05563
13229,22.0,86.698875217
13231,10.9,88.066789216
13233,19.8,82.890679748
13235,25.5,80.760869565
13237,21.9,87.626076261
13239,34.5,79.112426036
13241,19.4,89.192886457
13243,39.8,81.148121899
13245,26.4,87.578276551
13247,18.0,89.545084128
13249,22.3,85.09440212
13251,29.8,84.926829268
13253,35.3,87.936697522
13255,31.3,83.633568614
13257,20.5,83.656313118
13259,37.8,72.572931612
13261,33.5,83.736275623
13263,35.5,83.427794151
13265,30.7,84.307692308
13267,28.6,78.2831556
13269,33.5,73.994200797
13271,35.0,75.456949075
13273,47.7,81.861535932
13275,26.8,86.32377036
13277,23.5,83.919094452
13279,28.0,82.962363416
13281,19.9,92.233619426
13283,30.8,73.570110701
13285,26.5,88.251188932
13287,35.6,79.546582823
13289,32.8,79.303482587
13291,16.5,88.165015828
13293,28.6,84.416334243
13295,19.9,85.034824622
13297,14.7,87.057139812
13299,27.6,81.591031316
13301,37.5,72.07475623
13303,30.1,84.195933457
13305,25.0,85.466120515
13307,29.3,81.158572264
13309,31.4,76.48163606
13311,17.1,85.62393334
13313,17.1,74.276859504
13315,30.9,80.437798674
13317,28.2,82.62295082
13319,26.3,89.382554721
13321,32.4,85.453287197
23001,15.9,91.971557854
23003,16.5,90.625124428
23005,6.8,96.251911831
23007,16.3,93.898352416
23009,13.3,95.048477271
23011,14.4,94.562259079
23013,10.5,93.686105574
23015,11.9,94.784995425
23017,16.0,91.123011641
23019,15.5,93.923088809
23021,18.2,92.007648184
23023,9.6,94.296482412
23025,19.0,91.801761299
23027,16.2,93.153037855
23029,18.5,90.935164262
23031,9.3,94.713355667
24001,19.8,90.551822014
24003,7.6,93.545808357
24005,14.5,91.713689195
24009,5.9,94.473011718
24011,19.5,84.420020143
24013,5.9,94.18127224
24015,11.8,91.449108763
24017,10.0,94.44469111
24019,22.6,87.76096369
24021,6.1,93.269297696
24023,19.8,90.513059701
24025,8.2,94.169600633
24027,6.2,95.225876336
24029,18.5,90.535893394
24031,9.7,91.256429298
24033,14.3,87.14025995
24035,7.6,93.262352354
24037,9.2,91.816283376
24039,27.9,84.661636407
24041,14.2,92.202075254
24043,15.1,88.432263666
24045,16.4,88.547039759
24047,14.4,93.516816533
24510,24.2,87.061852026
25001,8.9,95.902053134
25003,15.8,93.401747272
25005,14.9,86.0883572
25007,10.0,94.187968969
25009,11.5,89.943450229
25011,16.2,93.68691537
25013,23.3,86.660093015
25015,9.1,95.237379054
25017,7.9,93.42420776
25019,4.6,97.274190304
25021,5.3,94.238300228
25023,8.0,93.112677002
25025,20.2,87.106016152
25027,11.7,91.398973611
33001,10.5,93.411975574
33003,11.8,95.026505301
33005,9.4,93.755498534
33007,16.4,88.915180939
33009,10.1,93.185655952
33011,7.1,92.992748606
33013,7.5,93.467391108
33015,4.8,95.785703202
33017,8.9,94.44861813
33019,13.1,90.915216859
34001,15.9,88.382580918
34003,8.1,92.992991361
34005,8.4,94.083523509
34007,17.5,89.276502987
34009,12.7,93.917167595
34011,20.2,81.204800739
34013,20.0,86.928290432
34015,7.8,93.602179784
34017,18.2,87.166801706
34019,4.3,95.787373856
34021,13.3,89.72684154
34023,9.1,89.683216138
34025,6.9,94.349439105
34027,4.4,95.073802635
34029,18.3,93.146930077
34031,17.6,85.177958029
34033,15.1,90.18006885
34035,5.8,94.02201915
34037,6.9,95.444510002
34039,12.7,86.802829782
34041,9.6,93.839574082
36001,15.2,92.59694588
36003,19.9,91.350485534
36005,35.3,74.523321974
36007,27.0,90.584316595
36009,20.0,89.258018371
36011,17.9,88.490988551
36013,26.6,89.678314169
36015,21.1,90.173890915
36017,16.9,88.524397067
36019,14.0,87.895298952
36021,15.3,92.043460799
36023,16.2,90.633326501
36025,19.2,90.364316304
36027,9.2,91.554204641
36029,16.6,92.190423136
36031,16.2,91.641894227
36033,22.5,86.959091984
36035,17.8,87.487391698
36037,12.2,92.487499103
36039,15.8,88.481704137
36041,15.0,85.829072316
36043,15.9,91.339827494
36045,17.2,91.573372662
36047,27.5,83.778736011
36049,18.7,91.195887446
36051,13.0,92.260682741
36053,15.1,93.067741167
36055,19.0,91.363861198
36057,19.8,88.78136932
36059,6.6,91.811385996
36061,21.1,88.464220632
36063,21.3,91.691519136
36065,21.3,88.888471954
36067,18.9,91.364398525
36069,12.8,93.339416058
36071,21.0,89.687372014
36073,17.5,86.145297106
36075,23.5,89.778812863
36077,17.1,92.612827811
36079,5.8,93.256123084
36081,16.1,82.791317373
36083,14.8,92.419632226
36085,14.5,88.674816257
36087,23.1,88.612202034
36089,21.9,88.800134298
36091,7.5,93.991745456
36093,14.6,91.641137856
36095,13.7,91.138593147
36097,18.1,91.914477151
36099,19.4,84.192622951
36101,17.5,91.463763103
36103,7.1,90.464565778
36105,24.9,86.660306718
36107,14.9,92.028088756
36109,12.3,95.676630257
36111,16.4,91.467670967
36113,14.3,91.6622702
36115,14.6,89.103158825
36117,14.2,90.567802066
36119,10.5,89.29724457
36121,16.9,87.465690759
36123,21.7,84.318643258
37001,15.0,88.303497374
37003,20.9,85.98573921
37005,25.3,82.299012694
37007,32.6,82.488917036
37009,20.6,87.010078387
37011,20.5,86.936705139
37013,28.2,86.795742338
37015,34.9,80.536312849
37017,27.5,88.171640043
37019,16.5,93.537396716
37021,15.4,92.125307371
37023,18.5,84.778163341
37025,9.9,91.95171294
37027,23.9,81.861710343
37029,9.2,92.263374486
37031,17.0,92.120700893
37033,24.0,83.698063433
37035,16.4,87.387829376
37037,11.0,89.41877269
37039,24.5,91.151942202
37041,25.3,86.626426483
37043,23.1,88.340544966
37045,24.6,86.788191409
37047,29.2,85.619949847
37049,19.1,90.880216451
37051,21.2,92.314672992
37053,11.7,92.835485133
37055,10.8,94.918408245
37057,16.1,86.546435362
37059,15.1,89.838059313
37061,29.6,80.330127917
37063,17.0,90.688650076
37065,31.8,85.584872471
37067,21.6,89.220276912
37069,15.7,86.923409423
37071,16.8,87.636018266
37073,19.5,90.486012634
37075,22.7,84.093647788
37077,15.3,85.828550354
37079,35.2,76.070132183
37081,21.2,90.097052078
37083,28.0,81.118337746
37085,16.6,88.223467221
37087,18.5,90.426145466
37089,16.2,91.569070533
37091,35.1,83.892706131
37093,20.2,88.898693964
37095,28.3,81.030760928
37097,12.1,90.859922209
37099,18.6,89.309907625
37101,13.6,89.529189178
37103,27.4,85.776869159
37105,23.8,85.146453195
37107,31.7,82.058654399
37109,11.3,89.815945085
37111,22.2,86.161535631
37113,18.6,89.48046833
37115,21.2,88.936579116
37117,29.3,81.977651539
37119,14.1,90.889850431
37121,21.7,89.818801579
37123,24.0,83.920668743
37125,13.0,92.821271945
37127,21.4,86.557961706
37129,15.5,93.53400715
37131,29.3,83.500490159
37133,16.2,92.015533417
37135,11.4,93.418321007
37137,27.4,90.039922203
37139,22.8,89.698167445
37141,13.9,90.225304885
37143,23.0,86.385836386
37145,20.3,88.434036468
37147,22.9,90.204620086
37149,19.5,92.761096606
37151,17.6,83.983331339
37153,30.6,82.706664394
37155,35.0,78.350135073
37157,22.9,83.637712763
37159,23.1,87.422757508
37161,21.4,85.920253273
37163,25.7,82.624764299
37165,34.3,82.240814214
37167,19.0,85.985441186
37169,15.4,87.483331313
37171,22.7,82.02338165
37173,20.7,85.120033113
37175,20.9,93.767871832
37177,28.1,77.340676633
37179,8.7,90.447429174
37181,31.5,84.666666667
37183,8.3,93.97138782
37185,27.3,85.448850288
37187,35.3,85.75753753
37189,12.8,92.479564033
37191,26.4,85.743854449
37193,28.4,81.480085438
37195,30.6,83.414065967
37197,17.6,86.461828464
37199,21.4,88.526247382
42001,10.0,90.314990616
42003,14.4,95.23500936
42005,16.3,92.441573404
42007,13.7,94.652514983
42009,14.9,90.297801599
42011,14.3,88.068977082
42013,17.3,92.962386748
42015,16.7,90.641818054
42017,7.0,94.681779492
42019,8.4,95.665381805
42021,21.6,92.786194232
42023,22.5,92.606444189
42025,15.5,89.679352463
42027,9.9,94.805729338
42029,6.4,94.745693984
42031,16.0,90.883045526
42033,16.3,89.86299067
42035,17.6,89.540418383
42037,14.4,91.641969352
42039,18.6,90.64080372
42041,9.4,93.496681027
42043,15.7,91.181761833
42045,12.8,93.502726771
42047,14.3,93.142907442
42049,19.6,92.515694971
42051,23.1,89.837780713
42053,28.6,85.794261721
42055,11.8,90.212082146
42057,17.2,89.403535306
42059,17.5,89.423604041
42061,15.8,90.040961821
42063,17.8,92.001397136
42065,18.9,91.198454425
42067,14.7,82.956405748
42069,16.7,91.558313374
42071,11.9,86.95784394
42073,16.7,91.963621064
42075,14.1,87.514088154
42077,15.8,90.248003857
42079,21.4,90.482902343
42081,15.5,90.761534047
42083,20.6,92.812044682
42085,18.4,90.506657882
42087,20.6,84.775888717
42089,16.1,89.895036321
42091,7.2,94.781942697
42093,13.3,92.639975918
42095,14.3,91.953808903
42097,17.8,89.909312297
42099,13.1,89.146864986
42101,28.3,86.903171708
42103,13.0,93.078135555
42105,22.9,90.106302838
42107,16.4,89.662697653
42109,14.0,84.916096019
42111,18.6,90.029697233
42113,22.6,90.763217445
42115,19.1,91.542166992
42117,17.7,91.716698891
42119,11.5,86.299012014
42121,20.1,90.76372761
42123,19.4,93.714931009
42125,13.2,94.012787707
42127,18.1,91.593583975
42129,13.2,95.343867547
42131,17.4,92.767578435
42133,11.5,91.096605907
44001,7.0,93.266325983
44003,9.2,92.746695322
44005,9.3,94.773147713
44007,16.9,86.289762436
44009,8.0,94.853363367
45001,23.5,85.118665811
45003,24.7,89.568647686
45005,51.2,78.871252205
45007,20.8,87.157680483
45009,39.3,77.311205168
45011,33.5,82.787421018
45013,18.2,93.637935076
45015,12.4,90.07723803
45017,24.1,86.533333333
45019,15.0,92.936319957
45021,23.3,85.185960688
45023,25.4,85.187825854
45025,28.2,81.380986795
45027,29.2,80.855875831
45029,30.6,86.183599985
45031,30.8,85.704721228
45033,39.7,78.334135773
45035,14.6,90.608293336
45037,23.8,83.001884028
45039,30.4,84.09462197
45041,28.8,87.290095308
45043,26.3,90.853836227
45045,13.1,90.097984656
45047,24.6,86.887041691
45049,29.8,80.923892465
45051,20.3,91.575029733
45053,29.7,89.823050276
45055,16.9,88.904429923
45057,13.0,89.056013648
45059,26.5,82.693168974
45061,41.8,81.191996594
45063,15.4,91.250913342
45065,35.0,85.161532682
45067,47.9,84.520993495
45069,35.8,80.392980981
45071,24.1,85.45608694
45073,21.5,86.94829651
45075,31.6,84.272077213
45077,15.6,87.052697707
45079,19.0,92.202368285
45081,23.7,83.184445612
45083,20.0,87.831144717
45085,21.1,88.805937945
45087,25.8,81.574608409
45089,34.5,82.914774245
45091,10.4,92.269921363
50001,9.0,94.459568268
50003,13.0,94.127072853
50005,14.1,93.745735729
50007,9.0,95.272911861
50009,17.4,88.88645331
50011,9.8,91.910035974
50013,11.8,96.059201141
50015,9.1,94.213938412
50017,12.1,93.937871174
50019,17.2,91.533864542
50021,14.0,93.578820591
50023,9.1,95.109182338
50025,14.6,94.203494347
50027,9.6,94.895046953
51001,22.6,81.566650271
51003,8.5,93.826037226
51005,18.8,88.182062539
51007,14.9,86.389143965
51009,17.2,87.71560414
51011,16.1,89.913845618
51013,7.1,95.313763545
51015,10.1,89.867964837
51017,15.3,86.042897109
51019,9.9,92.412950309
51021,16.7,91.951951952
51023,7.7,93.592061388
51025,28.1,76.520802254
51027,29.7,74.244091939
51029,22.6,84.128622469
51031,15.9,90.480355893
51033,14.2,89.354283855
51035,21.0,83.015502812
51036,18.7,84.914521886
51037,24.7,84.486141771
51041,8.6,92.619375202
51043,8.2,93.708730741
51045,19.9,87.917146145
51047,10.7,89.380306321
51049,22.4,86.098406098
51051,27.9,81.366220252
51053,16.6,89.5431321
51057,21.1,82.607003891
51059,6.2,93.503871353
51061,7.1,92.237424787
51063,15.4,90.843744652
51065,9.2,93.285573123
51067,18.9,89.684749078
51069,9.1,88.6854592
51071,16.7,90.40553907
51073,11.8,89.944114318
51075,7.8,94.205974426
51077,24.7,83.040190331
51079,10.7,89.318150063
51081,22.1,79.695667325
51083,21.2,82.156043332
51085,5.9,94.401486699
51087,11.6,92.882731959
51089,20.8,81.277927916
51091,17.7,90.034965035
51093,9.0,91.186489297
51095,8.8,95.744717851
51097,20.8,86.430905247
51099,8.0,90.322042383
51101,9.4,93.490741489
51103,24.1,86.359995423
51105,31.3,81.746079433
51107,3.8,94.35900444
51109,14.0,88.647195843
51111,27.2,78.747584953
51113,13.7,87.009391992
51115,14.7,94.252163164
51117,32.9,86.481236203
51119,20.0,89.393939394
51121,12.1,94.985245462
51125,17.6,86.595897805
51127,6.5,94.14192365
51131,30.4,86.884885764
51133,23.1,89.199355185
51135,24.2,83.750779927
51137,13.2,89.78291557
51139,17.7,82.417645704
51141,21.7,83.645480018
51143,18.9,84.209706837
51145,7.2,91.538997214
51147,24.6,88.420803035
51149,11.9,89.381107492
51153,8.8,89.9475233
51155,19.4,90.328409805
51157,15.2,90.57112069
51159,19.9,75.062638172
51161,8.7,93.301572314
51163,17.0,90.610687023
51165,11.5,87.178772895
51167,23.8,82.936404083
51169,22.7,82.985702791
51171,14.8,88.567723981
51173,23.5,84.700807636
51175,20.1,86.778482925
51177,10.1,91.027703117
51179,6.7,92.896820707
51181,19.2,87.623264238
51183,30.0,81.344032096
51185,23.7,86.354889698
51187,11.6,88.841561343
51191,14.2,89.247124866
51193,22.7,81.854780733
51195,26.6,80.359272224
51197,18.2,90.136234535
51199,5.9,95.332363544
51510,13.4,93.685081349
51520,27.3,86.220920774
51530,20.5,81.262425447
51540,17.4,91.9805548
51550,10.5,93.315460339
51570,14.2,91.465429088
51590,35.3,84.424310292
51600,6.5,92.232296006
51620,30.6,84.255168758
51630,19.8,92.54305498
51640,31.8,80.23465704
51650,20.8,92.75238579
51660,20.7,83.611798287
51670,26.1,86.865253898
51680,23.9,90.317323797
51683,13.9,85.831407108
51690,27.5,86.479220343
51700,23.7,91.722060916
51710,25.1,89.25312184
51720,29.0,90.163934426
51730,33.3,86.434091604
51735,6.2,96.158682977
51740,26.2,89.51734655
51750,16.1,93.334243956
51760,30.1,88.764799105
51770,26.4,89.118791551
51775,12.5,93.922939172
51790,16.9,92.591382034
51800,14.7,91.175151206
51810,12.6,94.514482349
51820,18.5,88.18279638
51830,20.2,93.275234131
51840,21.7,86.999308474
54001,27.5,87.906801245
54003,13.0,90.555451216
54005,26.0,84.437984496
54007,27.2,82.565647869
54009,17.2,92.50553778
54011,22.2,89.799853396
54013,27.3,86.774056804
54015,34.3,83.330361918
54017,25.4,81.984808454
54019,27.5,84.961972022
54021,24.8,82.961422088
54023,19.7,87.70210681
54025,23.3,88.112117363
54027,23.3,87.743539342
54029,16.8,90.46776821
54031,18.6,86.473013134
54033,20.4,88.586201739
54035,26.0,90.357862903
54037,11.7,90.36093839
54039,25.8,90.60436692
54041,25.3,87.76889475
54043,33.7,82.184385382
54045,32.9,81.059955334
54047,46.2,77.498187092
54049,20.2,91.379667513
54051,26.5,92.448260678
54053,25.0,85.56219446
54055,28.0,86.401255708
54057,22.3,93.927981841
54059,39.0,76.630858789
54061,14.6,93.902532794
54063,20.5,88.531905399
54065,21.9,88.223583461
54067,25.5,89.070119388
54069,19.4,93.014915368
54071,22.4,83.12916398
54073,17.9,87.661141805
54075,29.1,83.183183183
54077,18.0,86.7636705
54079,12.6,93.629348389
54081,27.0,85.27512075
54083,22.5,87.683241611
54085,28.3,83.54186718
54087,28.0,80.633036597
54089,34.6,82.799235993
54091,20.0,86.994338229
54093,24.0,88.901262064
54095,21.6,90.941442899
54097,24.5,87.343159946
54099,24.8,84.210526316
54101,35.4,79.922342663
54103,26.7,89.975739932
54105,28.3,85.836798337
54107,25.7,90.876384376
54109,33.3,76.396711336
