FIPS,State,County,X,Y,POP_Total,Diabetes_count,Diabetes_per,Obesity,Access_Excercise,Physical_Inactivity,PCP_rate,Food_Env_Index,SVI,Urban_Rural
9001,Connecticut,Fairfield County,1861863.825,2251708.214,944735.8,52448,6.42,21.48,96.6,17.34,93.8,8.5,0.6184,Urban
9003,Connecticut,Hartford County,1900269.968,2323058.093,892284.0,67168,8.58,27.66,96.6,20.2,95.2,8.0,0.5955,Urban
9005,Connecticut,Litchfield County,1859618.764,2311363.344,181160.4,12023,6.38,26.56,85.6,17.5,59.4,8.6,0.1512,Urban
9007,Connecticut,Middlesex County,1925466.445,2289801.725,162702.8,10215,6.32,26.42,94.8,17.06,73.8,8.4,0.1843,Urban
9009,Connecticut,New Haven County,1894969.234,2276090.852,856327.0,66825,8.84,29.64,95.4,20.78,88.2,7.9,0.6512,Urban
9011,Connecticut,New London County,1959597.493,2301208.01,267164.6,18957,7.76,30.0,91.6,19.44,64.2,7.8,0.3959,Urban
9013,Connecticut,Tolland County,1930655.593,2336303.275,150964.2,9478,7.36,25.42,80.8,17.4,51.6,8.1,0.1073,Urban
9015,Connecticut,Windham County,1959231.225,2340738.908,116580.0,9850,9.42,29.6,84.0,21.94,45.8,7.9,0.4799,Urban
23001,Maine,Androscoggin County,2031239.325,2630106.589,107894.6,9326,9.68,32.28,84.8,23.16,83.8,7.7,0.5614,Urban
23003,Maine,Aroostook County,2075853.79,2931078.617,67316.4,7367,10.44,36.38,52.4,28.78,106.8,7.3,0.5757,Rural
23005,Maine,Cumberland County,2027795.168,2591394.763,294242.4,19129,7.02,23.0,84.2,15.5,168.0,8.1,0.1789,Urban
23007,Maine,Franklin County,1989058.799,2711809.875,30014.2,2228,7.32,31.78,52.2,20.92,107.2,7.9,0.4118,Rural
23009,Maine,Hancock County,2157356.825,2721899.997,54760.4,3869,6.62,26.76,68.8,17.8,135.2,8.1,0.2043,Rural
23011,Maine,Kennebec County,2057410.389,2665661.284,121946.0,10216,8.6,32.58,79.6,21.96,121.6,7.9,0.3125,Urban
23013,Maine,Knox County,2113231.391,2648682.727,39805.6,2740,6.44,26.36,53.2,17.1,101.8,8.1,0.1684,Rural
23015,Maine,Lincoln County,2085251.75,2633523.819,34434.2,2532,6.56,23.64,58.8,17.86,112.2,8.3,0.204,Rural
23017,Maine,Oxford County,1979241.944,2654172.908,57676.2,4714,7.98,32.1,43.2,22.98,62.8,7.7,0.3173,Rural
23019,Maine,Penobscot County,2111427.469,2795785.787,151732.4,13991,9.96,33.24,64.4,23.4,130.4,7.4,0.4249,Urban
23021,Maine,Piscataquis County,2050311.863,2828630.526,16839.4,1692,8.94,34.68,48.4,24.38,69.2,7.4,0.493,Rural
23023,Maine,Sagadahoc County,2064500.012,2615521.788,35639.8,2582,7.12,25.22,83.0,17.98,65.2,8.3,0.0665,Urban
23025,Maine,Somerset County,2009791.168,2779415.496,50650.4,4922,9.66,32.24,50.2,25.06,57.0,7.1,0.4659,Rural
23027,Maine,Waldo County,2102157.804,2689208.494,39705.6,3126,7.7,29.68,51.6,19.18,73.0,7.8,0.2693,Rural
23029,Maine,Washington County,2200344.806,2778884.341,31477.0,2922,8.84,32.32,48.2,25.24,55.0,7.1,0.6957,Rural
23031,Maine,York County,2012283.996,2545360.521,205894.0,15887,7.84,29.6,78.0,20.22,75.6,8.2,0.1719,Urban
25001,Massachusetts,Barnstable County,2097611.241,2365435.512,213457.4,16036,6.32,21.84,90.0,15.94,96.2,8.3,0.0961,Urban
25003,Massachusetts,Berkshire County,1847370.995,2374890.176,125815.8,10446,8.0,23.06,85.8,19.02,114.0,8.2,0.367,Urban
25005,Massachusetts,Bristol County,2029849.597,2355488.473,563162.2,41767,8.32,28.62,93.4,23.3,52.4,8.2,0.5875,Urban
25007,Massachusetts,Dukes County,2078258.812,2322339.478,17343.2,1247,6.74,22.74,84.4,15.68,66.8,8.7,0.1136,Urban
25009,Massachusetts,Essex County,2017300.671,2453418.655,787031.6,55200,7.92,25.7,96.0,20.7,74.2,8.7,0.6085,Urban
25011,Massachusetts,Franklin County,1890407.457,2410123.512,70498.8,5428,7.48,26.32,77.2,18.64,70.6,8.4,0.3689,Urban
25013,Massachusetts,Hampden County,1899474.329,2360771.436,467809.8,34751,8.6,29.78,94.4,24.58,68.2,8.1,0.8234,Urban
25015,Massachusetts,Hampshire County,1891312.987,2382363.237,161447.2,8482,6.12,20.82,85.4,16.34,136.4,8.1,0.2575,Urban
25017,Massachusetts,Middlesex County,1987916.471,2424042.815,1605702.6,89187,6.54,21.2,97.0,17.34,126.8,9.1,0.2677,Urban
25019,Massachusetts,Nantucket County,2128102.887,2322918.653,11267.8,670,6.96,20.82,94.2,15.76,55.2,9.0,0.119,Rural
25021,Massachusetts,Norfolk County,2011873.918,2393019.975,703815.0,44303,7.08,22.58,94.4,18.36,126.8,9.1,0.2734,Urban
25023,Massachusetts,Plymouth County,2049257.925,2378821.619,518355.8,38358,8.08,26.32,86.4,21.22,63.2,8.8,0.2845,Urban
25025,Massachusetts,Suffolk County,2017755.972,2414379.712,798982.0,49312,8.5,21.76,100.0,20.2,150.0,8.1,0.7861,Urban
25027,Massachusetts,Worcester County,1951002.254,2398773.84,827275.6,57657,8.04,28.52,92.6,21.6,100.0,8.5,0.4398,Urban
33001,New Hampshire,Belknap County,1956049.259,2534932.499,61088.0,4718,7.46,29.64,85.0,19.44,64.0,8.6,0.183,Urban
33003,New Hampshire,Carroll County,1962921.978,2577742.681,48441.8,4107,7.26,26.98,82.0,19.28,89.2,9.0,0.1318,Rural
33005,New Hampshire,Cheshire County,1908044.364,2453356.845,76108.0,5398,7.42,30.64,73.0,18.28,69.0,8.6,0.2237,Urban
33007,New Hampshire,Coos County,1931607.691,2663377.455,31599.8,3208,9.56,34.18,71.8,23.86,115.8,8.0,0.508,Urban
33009,New Hampshire,Grafton County,1913162.575,2572336.564,89727.4,5467,6.3,24.74,88.2,17.7,197.2,8.5,0.2969,Urban
33011,New Hampshire,Hillsborough County,1950242.243,2463772.63,413693.0,30010,8.22,29.24,91.4,20.22,86.2,8.6,0.2543,Urban
33013,New Hampshire,Merrimack County,1942222.162,2505807.878,150588.6,10108,7.18,28.08,90.4,18.0,107.4,8.7,0.2215,Urban
33015,New Hampshire,Rockingham County,1994471.34,2483817.944,307973.2,21362,7.24,26.74,85.0,17.26,77.6,8.8,0.0261,Urban
33017,New Hampshire,Strafford County,1993053.329,2519233.184,129659.4,10066,9.34,30.22,88.4,21.58,65.0,8.4,0.2651,Urban
33019,New Hampshire,Sullivan County,1898072.899,2501748.806,43127.6,3455,7.88,31.14,73.6,22.02,74.2,8.3,0.1219,Urban
34001,New Jersey,Atlantic County,1803710.599,2031834.035,266590.6,24291,10.54,29.91,91.8,26.03,81.8,7.3,0.8771,Urban
34003,New Jersey,Bergen County,1814401.264,2204752.455,937369.0,59943,7.17,22.11,99.0,21.55,118.8,9.2,0.3838,Urban
34005,New Jersey,Burlington County,1793128.135,2075366.679,447041.8,39189,9.74,29.23,83.6,21.79,84.6,8.6,0.2648,Urban
34007,New Jersey,Camden County,1770779.48,2061835.737,508245.4,44781,10.02,30.39,93.0,25.07,101.8,8.1,0.7629,Urban
34009,New Jersey,Cape May County,1800201.815,1993222.583,92825.6,7772,7.81,28.44,94.4,22.25,58.8,7.5,0.4169,Urban
34011,New Jersey,Cumberland County,1768774.33,2011919.092,150768.4,13014,10.34,34.89,77.4,30.28,42.6,7.2,0.9812,Urban
34013,New Jersey,Essex County,1804735.869,2182643.518,800888.4,63639,9.76,28.97,100.0,27.2,83.8,7.8,0.9392,Urban
34015,New Jersey,Gloucester County,1757950.477,2048967.108,292165.0,20640,8.52,31.29,86.0,24.61,55.2,8.3,0.191,Urban
34017,New Jersey,Hudson County,1819905.966,2180131.941,677948.8,44130,8.77,25.16,100.0,27.43,52.4,8.4,0.7963,Urban
34019,New Jersey,Hunterdon County,1755884.159,2146097.44,124723.4,6528,5.86,22.4,90.2,15.7,121.2,9.5,0.0353,Urban
34021,New Jersey,Mercer County,1780222.646,2119053.231,370047.2,26079,8.26,26.71,98.0,22.22,100.2,8.5,0.7104,Urban
34023,New Jersey,Middlesex County,1800141.087,2141559.363,831470.8,65224,9.38,25.04,96.0,22.98,95.0,8.7,0.6391,Urban
34025,New Jersey,Monmouth County,1820299.025,2125684.596,622145.4,42696,7.34,24.44,95.0,20.92,117.8,8.8,0.2276,Urban
34027,New Jersey,Morris County,1778629.855,2185127.613,495055.2,28751,6.38,21.04,95.2,18.2,102.8,9.3,0.1633,Urban
34029,New Jersey,Ocean County,1824854.704,2083480.234,602702.8,46816,7.87,28.39,88.4,24.42,42.8,8.0,0.4074,Urban
34031,New Jersey,Passaic County,1794089.083,2208556.382,505214.0,36712,9.07,27.81,98.4,27.38,57.2,8.4,0.9064,Urban
34033,New Jersey,Salem County,1743771.149,2031005.452,62734.2,5991,11.11,35.79,76.2,28.12,34.2,7.9,0.6865,Urban
34035,New Jersey,Somerset County,1780207.58,2151254.925,331722.4,18732,6.72,23.32,95.2,17.94,115.8,9.3,0.1703,Urban
34037,New Jersey,Sussex County,1759786.533,2212712.261,141098.6,10166,7.54,26.49,94.2,22.46,49.0,8.9,0.0484,Urban
34039,New Jersey,Union County,1803087.26,2167525.559,557864.8,34383,7.53,25.72,99.4,24.96,67.0,8.8,0.795,Urban
34041,New Jersey,Warren County,1741874.528,2176288.673,106017.0,7482,7.48,29.79,95.8,23.84,60.2,8.5,0.2454,Urban
36001,New York,Albany County,1780443.169,2385249.289,306947.0,20817,7.9,27.0,90.2,18.84,100.8,8.1,0.4325,Urban
36003,New York,Allegany County,1464342.964,2278548.815,46415.8,3762,9.04,31.84,56.4,24.76,43.2,8.1,0.4367,Rural
36005,New York,Bronx County,1834509.187,2196946.254,1435672.2,133343,12.44,29.96,99.4,31.26,60.6,7.2,0.9955,Urban
36007,New York,Broome County,1643936.98,2304050.692,192108.0,15306,8.84,29.62,89.0,21.34,84.4,7.8,0.7024,Urban
36009,New York,Cattaraugus County,1412014.758,2267732.697,76769.0,7850,11.1,34.8,63.6,26.16,46.4,8.0,0.656,Urban
36011,New York,Cayuga County,1567737.518,2374439.526,77042.8,6485,8.9,32.22,76.2,23.46,27.0,8.5,0.479,Urban
36013,New York,Chautauqua County,1356925.681,2255464.747,127884.8,11776,9.8,32.56,76.4,24.3,54.8,7.7,0.6458,Urban
36015,New York,Chemung County,1568845.615,2286060.403,84442.2,7734,10.02,32.2,80.2,26.02,77.4,7.7,0.5799,Urban
36017,New York,Chenango County,1652705.228,2344047.232,47583.0,4402,9.52,35.8,72.8,22.02,35.4,8.4,0.5188,Rural
36019,New York,Clinton County,1748150.048,2623675.29,80602.2,7079,9.88,33.26,70.6,24.6,70.8,7.7,0.3889,Urban
36021,New York,Columbia County,1816659.884,2353655.649,60100.8,4327,6.76,25.92,68.4,19.9,43.8,8.3,0.4201,Urban
36023,New York,Cortland County,1613685.107,2347274.963,47686.6,3621,9.08,30.86,82.8,23.02,40.4,8.1,0.3202,Urban
36025,New York,Delaware County,1711335.093,2323192.08,44624.8,3549,7.42,29.76,58.8,22.74,32.8,8.2,0.4729,Rural
36027,New York,Dutchess County,1820406.179,2298754.25,294254.0,20712,7.7,27.9,84.0,19.52,68.6,8.5,0.4561,Urban
36029,New York,Erie County,1397300.328,2323592.893,920447.2,77081,9.34,29.12,95.4,22.08,80.2,7.8,0.4698,Urban
36031,New York,Essex County,1757119.24,2553752.167,37426.8,3184,8.06,26.88,100.0,20.94,39.6,8.5,0.3307,Rural
36033,New York,Franklin County,1703903.787,2595627.355,50361.0,4985,11.2,36.54,64.8,25.34,59.2,7.4,0.5735,Urban
36035,New York,Fulton County,1731906.788,2432891.232,53498.2,5111,10.04,32.48,82.4,25.32,37.6,7.9,0.409,Urban
36037,New York,Genesee County,1435433.15,2357644.153,57644.6,5498,10.16,30.64,64.2,27.28,30.6,8.6,0.1795,Urban
36039,New York,Greene County,1776833.617,2347254.627,47366.8,3848,7.96,29.94,77.0,23.2,36.4,8.2,0.4023,Rural
36041,New York,Hamilton County,1712275.97,2490987.62,4444.4,432,7.74,26.08,100.0,17.56,22.6,7.7,0.1878,Rural
36043,New York,Herkimer County,1681804.141,2456217.556,61790.0,5240,8.82,31.68,69.2,24.46,30.0,7.9,0.3631,Urban
36045,New York,Jefferson County,1590775.698,2508226.523,111575.4,8807,10.62,33.94,64.0,25.3,53.2,7.5,0.6604,Urban
36047,New York,Kings County,1833913.467,2172024.905,2591917.6,185497,9.32,23.56,98.6,24.76,67.6,7.5,0.8845,Urban
36049,New York,Lewis County,1634724.239,2487703.529,26469.2,2349,9.7,33.42,56.2,24.04,63.6,8.0,0.1515,Rural
36051,New York,Livingston County,1474589.851,2334175.807,63319.0,5110,8.9,32.04,73.2,21.92,41.4,8.2,0.2266,Urban
36053,New York,Madison County,1638111.937,2388843.96,70901.6,5410,8.28,30.3,59.2,20.86,62.4,8.4,0.1302,Urban
36055,New York,Monroe County,1471985.02,2381307.728,744102.6,52026,8.02,30.08,94.2,21.16,106.4,7.8,0.5859,Urban
36057,New York,Montgomery County,1735811.102,2409536.493,49276.0,4444,10.06,32.98,58.4,26.74,53.8,6.7,0.7756,Urban
36059,New York,Nassau County,1859870.436,2189947.365,1359523.0,91562,7.42,23.94,99.0,19.7,142.6,9.7,0.2782,Urban
36061,New York,New York County,1827575.68,2186232.241,1635571.4,91725,6.6,16.8,99.2,17.64,136.8,8.1,0.6668,Urban
36063,New York,Niagara County,1387460.155,2371359.136,210239.2,19848,9.98,29.9,85.4,24.64,42.2,7.9,0.3434,Urban
36065,New York,Oneida County,1648770.996,2428756.763,229623.2,21984,10.6,30.88,81.8,23.24,74.4,7.9,0.5974,Urban
36067,New York,Onondaga County,1594290.542,2390104.004,462628.6,35825,8.92,30.02,93.4,21.1,95.4,8.0,0.557,Urban
36069,New York,Ontario County,1509820.646,2355302.693,109891.8,8413,7.98,29.18,82.2,19.9,79.4,8.6,0.2607,Urban
36071,New York,Orange County,1784395.906,2248556.365,382712.2,26110,8.58,28.18,85.8,25.3,70.6,8.5,0.6626,Urban
36073,New York,Orleans County,1427249.188,2384624.13,40654.2,4203,11.12,31.26,72.8,28.08,7.2,8.0,0.5901,Urban
36075,New York,Oswego County,1588690.728,2436988.083,117766.6,9387,9.04,35.66,66.6,23.5,40.8,8.0,0.5509,Urban
36077,New York,Otsego County,1695430.803,2369555.448,59626.8,4359,7.6,28.06,66.2,20.08,116.8,7.6,0.3835,Urban
36079,New York,Putnam County,1828676.407,2261806.233,98793.4,5792,6.2,22.78,84.8,18.0,49.8,9.1,0.12,Urban
36081,New York,Queens County,1841804.183,2182258.761,2290044.2,205643,10.54,23.98,96.6,27.76,64.4,8.5,0.7747,Urban
36083,New York,Rensselaer County,1814336.67,2406093.9,159211.2,11546,8.18,28.34,70.8,20.56,49.4,8.2,0.3418,Urban
36085,New York,Richmond County,1817579.991,2161994.379,476624.4,38840,9.42,28.18,99.6,25.12,95.8,8.9,0.5808,Urban
36087,New York,Rockland County,1813564.819,2226668.669,326671.4,19508,7.46,23.26,94.8,22.16,89.2,8.6,0.7164,Urban
36089,New York,St. Lawrence County,1647135.996,2571722.277,108526.6,9033,9.52,33.48,61.6,26.18,52.6,7.4,0.6919,Urban
36091,New York,Saratoga County,1776076.011,2442465.765,229449.2,15706,7.38,27.22,90.0,17.96,69.2,8.9,0.0496,Urban
36093,New York,Schenectady County,1768117.621,2407434.527,155225.0,11896,8.78,29.6,93.8,19.54,81.0,8.1,0.4825,Urban
36095,New York,Schoharie County,1743539.37,2375273.679,31193.0,2743,8.78,32.34,44.2,22.94,27.6,8.3,0.3908,Urban
36097,New York,Schuyler County,1553949.123,2311832.582,17900.6,1662,9.14,28.58,62.6,22.88,60.2,8.4,0.3425,Rural
36099,New York,Seneca County,1549405.809,2355026.711,34316.4,2961,9.32,32.94,71.8,26.44,24.2,8.3,0.485,Urban
36101,New York,Steuben County,1515917.072,2289805.219,95810.6,9333,10.32,32.46,54.0,23.52,57.6,8.0,0.4376,Urban
36103,New York,Suffolk County,1916558.965,2219152.491,1483500.6,100006,7.5,25.18,94.0,21.6,73.2,9.2,0.2645,Urban
36105,New York,Sullivan County,1739211.263,2274248.013,75403.6,6272,8.9,32.9,65.2,26.24,34.8,8.0,0.7864,Rural
36107,New York,Tioga County,1604638.584,2296816.053,48401.0,4271,9.02,29.8,69.0,22.44,30.6,8.6,0.1343,Urban
36109,New York,Tompkins County,1584749.021,2324857.448,103140.8,5028,6.42,22.72,83.0,15.0,83.6,7.9,0.4182,Urban
36111,New York,Ulster County,1775867.93,2302403.31,178506.0,12242,7.1,27.24,83.4,19.62,69.0,8.0,0.5643,Urban
36113,New York,Warren County,1765770.902,2492083.498,64212.8,4666,7.08,29.54,97.2,19.82,120.0,8.3,0.1439,Urban
36115,New York,Washington County,1804774.034,2472917.923,61285.4,5569,9.48,30.5,65.2,23.02,33.6,8.4,0.4529,Urban
36117,New York,Wayne County,1524638.913,2392871.668,90157.8,8042,9.46,32.66,64.2,27.56,27.0,8.5,0.3234,Urban
36119,New York,Westchester County,1835028.388,2232826.671,971141.2,58064,6.76,21.5,99.4,19.38,138.4,9.1,0.6817,Urban
36121,New York,Wyoming County,1439265.332,2324433.93,40138.6,3557,9.52,33.16,65.4,22.88,33.0,8.3,0.1442,Rural
36123,New York,Yates County,1530166.579,2334378.468,24882.4,2455,10.6,27.62,50.0,25.58,48.0,8.8,0.5783,Urban
42001,Pennsylvania,Adams County,1581875.064,2029400.655,102615.6,8207,8.28,28.7,57.2,19.82,53.0,8.7,0.2072,Urban
42003,Pennsylvania,Allegheny County,1340289.628,2052713.595,1218853.6,90493,8.12,28.14,92.6,19.5,111.6,7.8,0.2944,Urban
42005,Pennsylvania,Armstrong County,1376413.78,2098078.46,65257.6,6021,9.02,34.28,68.4,24.46,43.2,8.2,0.1735,Urban
42007,Pennsylvania,Beaver County,1305889.304,2071193.128,164963.0,13183,8.06,31.3,82.0,19.98,43.8,7.4,0.2447,Urban
42009,Pennsylvania,Bedford County,1473184.117,2023798.399,48137.2,3873,7.8,26.46,54.4,22.44,25.8,8.1,0.1435,Rural
42011,Pennsylvania,Berks County,1676333.766,2111342.483,418999.8,29518,8.06,31.98,84.2,20.16,63.2,8.5,0.6384,Urban
42013,Pennsylvania,Blair County,1475160.903,2078209.205,122687.0,9824,8.38,29.3,71.8,20.56,81.2,7.8,0.3768,Urban
42015,Pennsylvania,Bradford County,1596515.267,2251514.685,60600.0,5021,8.46,34.08,44.8,25.2,100.6,8.2,0.395,Urban
42017,Pennsylvania,Bucks County,1745633.551,2117385.439,627838.4,48767,8.2,26.74,90.4,16.9,84.4,8.8,0.1372,Urban
42019,Pennsylvania,Butler County,1337590.339,2102567.407,187766.2,13181,7.42,29.48,73.0,18.02,65.4,8.6,0.0812,Urban
42021,Pennsylvania,Cambria County,1444689.53,2074193.143,131676.0,11959,9.06,25.8,70.6,21.34,80.6,7.5,0.3326,Urban
42023,Pennsylvania,Cameron County,1467229.207,2185659.851,4507.6,368,7.14,20.42,86.2,16.02,40.2,7.7,0.5506,Rural
42025,Pennsylvania,Carbon County,1682297.897,2170140.233,63987.4,4773,7.4,25.7,73.0,20.12,43.0,8.2,0.2664,Urban
42027,Pennsylvania,Centre County,1509494.377,2134790.064,162162.0,9628,7.62,24.96,84.4,17.08,75.2,8.2,0.3033,Urban
42029,Pennsylvania,Chester County,1701412.133,2065940.824,521879.8,31063,6.86,23.26,83.6,14.64,85.2,8.8,0.1665,Urban
42031,Pennsylvania,Clarion County,1372665.672,2140579.475,38498.6,3015,8.38,27.3,51.8,20.3,46.8,7.8,0.3657,Rural
42033,Pennsylvania,Clearfield County,1454142.899,2133464.921,79507.2,6667,8.5,33.2,53.8,22.58,50.4,7.8,0.5649,Urban
42035,Pennsylvania,Clinton County,1517690.196,2172273.438,38700.8,2682,7.78,29.2,72.2,18.4,44.4,7.7,0.5191,Urban
42037,Pennsylvania,Columbia County,1622394.822,2172315.89,65522.8,5088,8.42,29.78,69.8,23.9,52.6,8.1,0.2209,Urban
42039,Pennsylvania,Crawford County,1307257.316,2185193.456,85161.0,7021,8.62,29.44,66.8,20.46,65.2,8.0,0.5019,Urban
42041,Pennsylvania,Cumberland County,1571533.317,2060710.058,251844.4,19423,8.58,28.1,82.6,18.08,90.4,8.6,0.1961,Urban
42043,Pennsylvania,Dauphin County,1606103.319,2096485.218,276937.4,19426,8.1,31.22,83.6,21.74,108.6,7.5,0.5315,Urban
42045,Pennsylvania,Delaware County,1731682.361,2066067.558,565269.8,39452,8.14,25.98,93.2,18.32,106.2,8.4,0.5477,Urban
42047,Pennsylvania,Elk County,1431155.363,2177641.106,30072.6,2491,7.98,25.52,74.8,19.34,44.0,8.3,0.0656,Rural
42049,Pennsylvania,Erie County,1307535.891,2220156.836,272192.6,18983,7.86,31.82,76.4,21.2,81.2,7.2,0.6464,Urban
42051,Pennsylvania,Fayette County,1378511.3,1996883.489,130415.6,11980,9.32,33.22,58.8,24.84,36.4,7.2,0.577,Urban
42053,Pennsylvania,Forest County,1381551.31,2178527.873,7221.8,540,7.22,20.26,90.2,15.5,46.8,7.4,0.5617,Rural
42055,Pennsylvania,Franklin County,1538800.032,2027269.531,154716.8,12052,8.46,32.5,67.6,20.14,61.0,8.2,0.3154,Urban
42057,Pennsylvania,Fulton County,1506294.912,2020785.076,14556.8,1115,7.7,23.4,51.2,16.58,20.8,8.2,0.1451,Rural
42059,Pennsylvania,Greene County,1331673.938,1981403.637,36465.4,2699,7.96,29.04,47.6,19.78,43.8,7.7,0.3482,Rural
42061,Pennsylvania,Huntingdon County,1506866.668,2076919.913,45205.4,3634,8.38,23.76,64.8,19.02,35.0,8.3,0.3332,Urban
42063,Pennsylvania,Indiana County,1410676.886,2085864.825,84711.0,6025,7.78,24.22,60.0,20.78,53.2,7.8,0.5366,Urban
42065,Pennsylvania,Jefferson County,1408466.268,2139659.345,43610.2,3975,9.42,30.32,52.6,22.56,44.6,8.2,0.2632,Rural
42067,Pennsylvania,Juniata County,1552118.755,2098795.276,24692.6,1631,6.98,21.98,44.4,17.92,20.8,8.2,0.4351,Rural
42069,Pennsylvania,Lackawanna County,1678063.195,2228579.147,210307.6,16055,8.16,27.58,78.0,21.68,83.8,7.9,0.5449,Urban
42071,Pennsylvania,Lancaster County,1658497.002,2064716.084,543375.2,40261,8.56,29.48,72.0,18.46,72.2,8.4,0.5586,Urban
42073,Pennsylvania,Lawrence County,1301449.84,2105533.834,86228.4,7122,8.3,31.26,74.4,23.72,40.6,7.3,0.4787,Urban
42075,Pennsylvania,Lebanon County,1633708.275,2096683.059,140677.4,11145,8.72,31.32,80.4,17.76,59.0,8.5,0.62,Urban
42077,Pennsylvania,Lehigh County,1699112.311,2138770.953,367572.2,29182,9.32,32.18,82.0,18.66,102.6,8.3,0.7384,Urban
42079,Pennsylvania,Luzerne County,1653351.821,2193500.035,317154.2,26387,8.8,29.56,73.0,24.52,79.0,7.8,0.6346,Urban
42081,Pennsylvania,Lycoming County,1561950.648,2193635.395,113852.2,8926,8.46,31.9,61.2,20.52,75.0,7.6,0.4653,Urban
42083,Pennsylvania,Mckean County,1429885.045,2220922.964,41027.8,3206,8.26,29.28,72.4,19.1,54.8,8.1,0.4357,Urban
42085,Pennsylvania,Mercer County,1302019.114,2140915.863,110663.0,9272,8.46,29.68,77.0,20.72,63.4,7.6,0.5496,Urban
42087,Pennsylvania,Mifflin County,1532755.461,2104065.458,46230.8,4173,9.34,28.44,59.6,20.9,52.6,8.0,0.4752,Urban
42089,Pennsylvania,Monroe County,1709056.974,2192003.055,168815.2,12956,8.32,29.42,76.0,21.16,41.8,8.0,0.3994,Urban
42091,Pennsylvania,Montgomery County,1727248.17,2098844.026,828237.6,53281,7.16,25.56,94.0,16.44,138.6,8.8,0.2142,Urban
42093,Pennsylvania,Montour County,1602149.321,2165666.682,18225.4,1330,7.54,22.4,58.2,19.78,536.6,8.4,0.3472,Urban
42095,Pennsylvania,Northampton County,1718996.522,2159377.207,304336.6,24092,8.58,28.9,84.0,22.32,83.2,8.5,0.3517,Urban
42097,Pennsylvania,Northumberland County,1602057.96,2145493.006,91350.8,7783,8.7,34.8,68.2,22.62,44.6,7.9,0.4262,Urban
42099,Pennsylvania,Perry County,1566640.722,2086593.725,46114.0,3343,7.7,24.94,50.8,19.96,26.4,8.6,0.1365,Urban
42101,Pennsylvania,Philadelphia County,1751441.689,2080937.922,1579084.8,136227,11.22,29.36,99.4,24.44,71.6,7.2,0.9484,Urban
42103,Pennsylvania,Pike County,1727250.264,2227452.264,55813.4,4672,7.94,26.0,75.0,22.08,29.8,8.5,0.2123,Urban
42105,Pennsylvania,Potter County,1485798.53,2224296.623,16657.6,1290,7.46,22.16,41.2,17.06,42.0,7.7,0.4803,Rural
42107,Pennsylvania,Schuylkill County,1645709.504,2137970.773,142055.4,11858,8.58,29.28,68.2,21.1,54.0,8.2,0.4316,Urban
42109,Pennsylvania,Snyder County,1574275.135,2130545.407,40499.6,2824,7.7,28.9,59.8,20.26,43.0,8.4,0.2438,Urban
42111,Pennsylvania,Somerset County,1429094.609,2011809.21,73975.4,6111,8.1,34.28,67.0,22.68,38.8,7.9,0.3377,Urban
42113,Pennsylvania,Sullivan County,1604588.651,2214031.262,6055.2,518,7.12,20.22,36.8,15.92,32.6,7.3,0.346,Rural
42115,Pennsylvania,Susquehanna County,1653442.064,2267301.476,40554.0,3378,7.84,28.7,34.0,21.28,37.0,8.3,0.2218,Rural
42117,Pennsylvania,Tioga County,1537131.813,2237598.109,40799.0,3206,7.94,29.1,50.0,21.28,47.4,7.8,0.3011,Rural
42119,Pennsylvania,Union County,1570613.582,2151895.609,44832.4,3077,7.84,27.62,75.4,18.3,93.2,7.6,0.3759,Urban
42121,Pennsylvania,Venango County,1341070.721,2158752.11,51321.2,5052,9.58,30.02,64.0,20.34,56.2,8.0,0.3651,Urban
42123,Pennsylvania,Warren County,1372531.962,2211179.994,39456.8,3120,7.62,28.32,74.2,18.88,47.6,8.1,0.1477,Urban
42125,Pennsylvania,Washington County,1323351.94,2018108.583,207258.6,17330,8.62,32.54,72.2,19.96,78.6,8.0,0.1859,Urban
42127,Pennsylvania,Wayne County,1697727.853,2257139.2,51143.0,4200,7.66,24.38,56.2,19.2,50.2,8.5,0.332,Rural
42129,Pennsylvania,Westmoreland County,1385974.15,2042662.979,350936.4,31400,8.68,31.0,78.2,20.98,75.8,8.0,0.1203,Urban
42131,Pennsylvania,Wyoming County,1643088.775,2230410.228,27048.0,2212,8.24,27.96,44.8,21.14,48.6,8.6,0.1289,Urban
42133,Pennsylvania,York County,1621663.153,2043017.974,447520.2,34422,8.62,30.42,72.0,19.54,70.4,8.4,0.3323,Urban
44001,Rhode Island,Bristol County,2018755.881,2342662.994,48691.4,3189,6.72,22.44,92.8,17.04,199.6,7.9,0.1544,Urban
44003,Rhode Island,Kent County,1995182.409,2331846.069,164234.6,13206,8.44,29.56,93.8,21.22,86.2,8.2,0.2183,Urban
44005,Rhode Island,Newport County,2026796.292,2326850.302,82540.8,5429,6.56,25.34,87.8,17.14,86.0,8.2,0.3027,Urban
44007,Rhode Island,Providence County,1990539.354,2353769.089,636518.4,50257,9.52,30.1,95.6,24.92,97.6,7.8,0.7893,Urban
44009,Rhode Island,Washington County,1998519.86,2309267.181,125988.0,8431,6.82,23.98,88.4,16.52,91.6,8.2,0.1257,Urban
50001,Vermont,Addison County,1808412.586,2556295.736,36867.2,2301,6.48,24.12,69.6,16.9,113.4,8.8,0.1394,Rural
50003,Vermont,Bennington County,1838659.544,2449275.467,35644.8,2672,7.42,26.88,97.8,17.76,104.4,8.1,0.3167,Urban
50005,Vermont,Caledonia County,1876819.026,2623329.601,30099.4,2181,7.44,28.96,61.4,21.0,83.6,8.2,0.339,Rural
50007,Vermont,Chittenden County,1801606.892,2604003.227,163311.0,7958,5.9,21.36,89.8,13.4,183.4,8.4,0.2132,Urban
50009,Vermont,Essex County,1897554.079,2658983.331,6188.4,603,8.64,27.96,39.4,22.92,19.2,7.2,0.3106,Urban
50011,Vermont,Franklin County,1803992.187,2650072.45,49289.6,3701,8.56,34.14,54.8,23.24,55.2,8.7,0.1232,Urban
50013,Vermont,Grand Isle County,1776265.093,2636288.745,7082.2,523,7.18,26.66,60.4,18.72,59.0,9.0,0.007,Urban
50015,Vermont,Lamoille County,1831549.473,2628073.027,25334.6,1488,6.56,23.0,70.0,17.76,89.4,8.4,0.1636,Rural
50017,Vermont,Orange County,1868323.709,2568346.078,28924.2,2183,7.52,28.8,56.2,17.78,83.8,8.4,0.1321,Urban
50019,Vermont,Orleans County,1855936.913,2659864.255,26909.0,2051,7.56,30.52,53.6,22.38,72.8,7.8,0.3129,Rural
50021,Vermont,Rutland County,1828543.331,2509418.815,58604.8,4714,7.94,32.06,81.2,19.76,77.6,8.1,0.3237,Urban
50023,Vermont,Washington County,1842580.514,2592608.186,58334.2,3541,6.38,23.88,78.4,14.76,104.2,8.3,0.1973,Urban
50025,Vermont,Windham County,1869695.705,2451839.421,42601.4,2663,6.04,23.72,69.0,15.54,102.6,8.0,0.38,Rural
50027,Vermont,Windsor County,1863703.194,2518119.884,55186.4,4025,7.0,26.92,79.8,16.66,107.8,8.4,0.1346,Urban
